Nome,Cat1,Cat2,Cat3,Cat4,Cat5,Forn1,Forn2,Forn3,Forn4,Forn5,Estoque Ideal,Unidade de Medida
"ACUCAR MASCAVO KG","Estoque Seco","Despensa Externa",,,,"Atacado Central","Distribuidora Boa Safra",,,,3,kg
"ACUCAR TRITURADO KG","Estoque Seco",,,,,"Atacado Central","Distribuidora Boa Safra","Fornecedor Alfa",,,2,kg
"AGUA C/ GAS 500ML PCT C/12","Geladeira Bebidas",,,,,"Distribuidora de Bebidas Sul",,,,,48,pack
"ALFACE AMERICANO KG","Balcao Refrigerado",,,,,"Hortifruti Verde",,,,,3,kg
"ALHO ROXO DESCASCADO 1KG UN","Geladeira Diversos",,,,,"Hortifruti Verde","Fornecedor Alfa",,,,1,kg
"BACON FATIADO KG","Freezer",,,,,"Frigorifico Bom Corte","Distribuidora Boa Safra",,,,10,kg
"DETERGENTE NEUTRO 500ML UN","Limpeza",,,,,"Casa da Limpeza",,,,,2,un
"TOMATE KG","Geladeira Diversos",,,,,"Hortifruti Verde","Atacado Central",,,,5,kg
"VINAGRE DE ALCOOL BRANCO LITRO","Estoque Seco",,,,,"Atacado Central","Fornecedor Alfa",,,,2,un
